[Header],,,,,,,,,
Local Run Manager Analysis Id,9009,,,,,,,,
Experiment Name,,,,,,,,,
Date,,,,,,,,,
Module,GenerateFASTQ - 3.0.1,,,,,,,,
Workflow,GenerateFASTQ,,,,,,,,
Library Prep Kit,Custom,,,,,,,,
Index Kit,Custom,,,,,,,,
Chemistry,Amplicon,,,,,,,,
iemfileversion,4,,,,,,,,
investigator name,Sanjay C Nagi,,,,,,,,
application,FASTQ Only,,,,,,,,
,,,,,,,,,
[Reads],,,,,,,,,
151,,,,,,,,,
151,,,,,,,,,
,,,,,,,,,
[Settings],,,,,,,,,
ReverseComplement,0,,,,,,,,
CreateFastqForIndexReads,1,,,,,,,,
,,,,,,,,,
[Data],,,,,,,,,
Sample_ID,Sample_Name,Sample_Plate,Sample_Well,I7_Index_ID,index,I5_Index_ID,index2,Sample_Project,Description
GH_01,,3,,,ATCACGTT,,CCTATCCT,,
GH_02,,3,,,CGATGTTT,,CCTATCCT,,
GH_03,,3,,,TTAGGCAT,,CCTATCCT,,
GH_04,,3,,,TGACCACT,,CCTATCCT,,
GH_05,,3,,,ACAGTGGT,,CCTATCCT,,
GH_06,,3,,,GCCAATGT,,CCTATCCT,,
GH_07,,3,,,CAGATCTG,,CCTATCCT,,
GH_08,,3,,,ACTTGATG,,CCTATCCT,,
GH_09,,3,,,GATCAGCG,,CCTATCCT,,
GH_10,,3,,,TAGCTTGT,,CCTATCCT,,
GH_11,,3,,,GGCTACAG,,CCTATCCT,,
GH_12,,3,,,CTTGTACT,,CCTATCCT,,
GH_13,,3,,,TGGTTGTT,,CCTATCCT,,
GH_14,,3,,,TCTCGGTT,,CCTATCCT,,
GH_15,,3,,,TAAGCGTT,,CCTATCCT,,
GH_16,,3,,,TCCGTCTT,,CCTATCCT,,
GH_17,,3,,,TGTACCTT,,CCTATCCT,,
GH_18,,3,,,TTCTGTGT,,CCTATCCT,,
GH_19,,3,,,TCTGCTGT,,CCTATCCT,,
GH_20,,3,,,TTGGAGGT,,CCTATCCT,,
GH_21,,3,,,TCGAGCGT,,CCTATCCT,,
GH_22,,3,,,TGATACGT,,CCTATCCT,,
GH_23,,3,,,TGCATAGT,,CCTATCCT,,
GH_24,,3,,,TTGACTCT,,CCTATCCT,,
GH_25,,3,,,TGCGATCT,,CCTATCCT,,
GH_26,,3,,,TTCCTGCT,,CCTATCCT,,
GH_27,,3,,,TAGTGACT,,CCTATCCT,,
GH_28,,3,,,TACAGGAT,,CCTATCCT,,
GH_29,,3,,,TCCTCAAT,,CCTATCCT,,
GH_30,,3,,,TGTGGTTG,,CCTATCCT,,
GH_31,,3,,,TAGTCTTG,,CCTATCCT,,
GH_32,,3,,,TTCCATTG,,CCTATCCT,,
GH_33,,3,,,TCGAAGTG,,CCTATCCT,,
GH_34,,3,,,TAACGCTG,,CCTATCCT,,
GH_35,,3,,,TTGGTATG,,CCTATCCT,,
GH_36,,3,,,TGAACTGG,,CCTATCCT,,
GH_37,,3,,,TACTTCGG,,CCTATCCT,,
GH_38,,3,,,TCTCACGG,,CCTATCCT,,
GH_39,,3,,,TCAGGAGG,,CCTATCCT,,
GH_40_low_vol,,3,,,TAAGTTCG,,CCTATCCT,,
GH_41,,3,,,TCCAGTCG,,CCTATCCT,,
GH_42,,3,,,TGTATGCG,,CCTATCCT,,
GH_43,,3,,,TCATTGAG,,CCTATCCT,,
GH_44,,3,,,TGGCTCAG,,CCTATCCT,,
GH_45,,3,,,TATGCCAG,,CCTATCCT,,
GH_46,,3,,,TCAGATTC,,CCTATCCT,,
GH_47,,3,,,TACTAGTC,,CCTATCCT,,
GH_48,,3,,,TTCAGCTC,,CCTATCCT,,
GH_49,,3,,,TGTCTATC,,CCTATCCT,,
GH_50,,3,,,TATGTGGC,,CCTATCCT,,
GH_51,,3,,,TTACTCGC,,CCTATCCT,,
GH_52,,3,,,TCGTTAGC,,CCTATCCT,,
GH_53,,3,,,TACCGAGC,,CCTATCCT,,
GH_54,,3,,,TGTTCTCC,,CCTATCCT,,
GH_55,,3,,,TTCGCACC,,CCTATCCT,,
GH_56,,3,,,TTGCGTAC,,CCTATCCT,,
GH_57,,3,,,TCTACGAC,,CCTATCCT,,
GH_58,,3,,,TGACAGAC,,CCTATCCT,,
GH_59,,3,,,TAGAACAC,,CCTATCCT,,
GH_60,,3,,,TCATCCTA,,CCTATCCT,,
GH_61,,3,,,TGCTGATA,,CCTATCCT,,
GH_62,,3,,,TAGACGGA,,CCTATCCT,,
GH_63,,3,,,TGTGAAGA,,CCTATCCT,,
GH_64,,3,,,TCTCTTCA,,CCTATCCT,,
GH_65_low_vol,,3,,,TTGTTCCA,,CCTATCCT,,
GH_66,,3,,,TGAAGCCA,,CCTATCCT,,
GH_67,,3,,,TACCACCA,,CCTATCCT,,
GH_68,,3,,,TGCGTGAA,,CCTATCCT,,
GH_69,,3,,,GGTGAGTT,,CCTATCCT,,
GH_70,,3,,,GATCTCTT,,CCTATCCT,,
GH_71,,3,,,GTGTCCTT,,CCTATCCT,,
GH_72,,3,,,GACGGATT,,CCTATCCT,,
GH_73,,3,,,GCAACATT,,CCTATCCT,,
GH_74,,3,,,GGTCGTGT,,CCTATCCT,,
GH_75,,3,,,GAATCTGT,,CCTATCCT,,
GH_76,,3,,,GTACATCT,,CCTATCCT,,
GH_77,,3,,,GAGGTGCT,,CCTATCCT,,
GH_78,,3,,,GCATGGCT,,CCTATCCT,,
GH_79,,3,,,GTTAGCCT,,CCTATCCT,,
GH_80_low_vol,,3,,,GTCGCTAT,,CCTATCCT,,
GH_81,,3,,,GGAATGAT,,CCTATCCT,,
GH_82,,3,,,GAGCCAAT,,CCTATCCT,,
GH_83,,3,,,GCTCCTTG,,CCTATCCT,,
GH_84,,3,,,GTAAGGTG,,CCTATCCT,,
GH_85,,3,,,GAGGATGG,,CCTATCCT,,
GH_86,,3,,,GTTGTCGG,,CCTATCCT,,
GH_87,,3,,,GGATTAGG,,CCTATCCT,,
GH_88,,3,,,GATAGAGG,,CCTATCCT,,
GH_89,,3,,,GTGTGTCG,,CCTATCCT,,
GH_90,,3,,,GCAATCCG,,CCTATCCT,,
GH_91,,3,,,GACCTTAG,,CCTATCCT,,
GH_92,,3,,,GCCTGTTC,,CCTATCCT,,
GH_93,,3,,,GCACTGTC,,CCTATCCT,,
GH_94,,3,,,GCTAACTC,,CCTATCCT,,
GH_95,,3,,,GATTCATC,,CCTATCCT,,
GH_Negative,,3,,,GTCTTGGC,,CCTATCCT,,
GM_01,,8,,,ATCACGTT,,GTACTGAC,,
GM_02,,8,,,CGATGTTT,,GTACTGAC,,
GM_03,,8,,,TTAGGCAT,,GTACTGAC,,
GM_04,,8,,,TGACCACT,,GTACTGAC,,
GM_05,,8,,,ACAGTGGT,,GTACTGAC,,
GM_06,,8,,,GCCAATGT,,GTACTGAC,,
GM_07,,8,,,CAGATCTG,,GTACTGAC,,
GM_08,,8,,,ACTTGATG,,GTACTGAC,,
GM_09,,8,,,GATCAGCG,,GTACTGAC,,
GM_10,,8,,,TAGCTTGT,,GTACTGAC,,
GM_11,,8,,,GGCTACAG,,GTACTGAC,,
Sante_10A,,8,,,CTTGTACT,,GTACTGAC,,
GM_13,,8,,,TGGTTGTT,,GTACTGAC,,
GM_14,,8,,,TCTCGGTT,,GTACTGAC,,
GM_15,,8,,,TAAGCGTT,,GTACTGAC,,
GM_16,,8,,,TCCGTCTT,,GTACTGAC,,
GM_17,,8,,,TGTACCTT,,GTACTGAC,,
GM_18,,8,,,TTCTGTGT,,GTACTGAC,,
GM_19,,8,,,TCTGCTGT,,GTACTGAC,,
GM_20,,8,,,TTGGAGGT,,GTACTGAC,,
GM_21,,8,,,TCGAGCGT,,GTACTGAC,,
GM_22,,8,,,TGATACGT,,GTACTGAC,,
GM_23,,8,,,TGCATAGT,,GTACTGAC,,
Sante_10B,,8,,,TTGACTCT,,GTACTGAC,,
GM_25,,8,,,TGCGATCT,,GTACTGAC,,
GM_26,,8,,,TTCCTGCT,,GTACTGAC,,
GM_27,,8,,,TAGTGACT,,GTACTGAC,,
GM_28,,8,,,TACAGGAT,,GTACTGAC,,
GM_29,,8,,,TCCTCAAT,,GTACTGAC,,
GM_30,,8,,,TGTGGTTG,,GTACTGAC,,
GM_31,,8,,,TAGTCTTG,,GTACTGAC,,
GM_32,,8,,,TTCCATTG,,GTACTGAC,,
GM_33,,8,,,TCGAAGTG,,GTACTGAC,,
GM_34,,8,,,TAACGCTG,,GTACTGAC,,
GM_35,,8,,,TTGGTATG,,GTACTGAC,,
Sante_10C,,8,,,TGAACTGG,,GTACTGAC,,
GM_37,,8,,,TACTTCGG,,GTACTGAC,,
GM_38,,8,,,TCTCACGG,,GTACTGAC,,
GM_39,,8,,,TCAGGAGG,,GTACTGAC,,
GM_40,,8,,,TAAGTTCG,,GTACTGAC,,
GM_41,,8,,,TCCAGTCG,,GTACTGAC,,
GM_42,,8,,,TGTATGCG,,GTACTGAC,,
GM_43,,8,,,TCATTGAG,,GTACTGAC,,
GM_44,,8,,,TGGCTCAG,,GTACTGAC,,
GM_45,,8,,,TATGCCAG,,GTACTGAC,,
GM_46,,8,,,TCAGATTC,,GTACTGAC,,
GM_47,,8,,,TACTAGTC,,GTACTGAC,,
Sante_10D,,8,,,TTCAGCTC,,GTACTGAC,,
GM_49,,8,,,TGTCTATC,,GTACTGAC,,
GM_50,,8,,,TATGTGGC,,GTACTGAC,,
GM_51,,8,,,TTACTCGC,,GTACTGAC,,
GM_52,,8,,,TCGTTAGC,,GTACTGAC,,
GM_53,,8,,,TACCGAGC,,GTACTGAC,,
GM_54,,8,,,TGTTCTCC,,GTACTGAC,,
GM_55,,8,,,TTCGCACC,,GTACTGAC,,
GM_56,,8,,,TTGCGTAC,,GTACTGAC,,
GM_57,,8,,,TCTACGAC,,GTACTGAC,,
GM_58,,8,,,TGACAGAC,,GTACTGAC,,
GM_59,,8,,,TAGAACAC,,GTACTGAC,,
Sante_10E,,8,,,TCATCCTA,,GTACTGAC,,
GM_61,,8,,,TGCTGATA,,GTACTGAC,,
GM_62,,8,,,TAGACGGA,,GTACTGAC,,
GM_63,,8,,,TGTGAAGA,,GTACTGAC,,
GM_64,,8,,,TCTCTTCA,,GTACTGAC,,
GM_65,,8,,,TTGTTCCA,,GTACTGAC,,
GM_66,,8,,,TGAAGCCA,,GTACTGAC,,
GM_67,,8,,,TACCACCA,,GTACTGAC,,
GM_68,,8,,,TGCGTGAA,,GTACTGAC,,
GM_69,,8,,,GGTGAGTT,,GTACTGAC,,
GM_70,,8,,,GATCTCTT,,GTACTGAC,,
GM_71,,8,,,GTGTCCTT,,GTACTGAC,,
Sante_10F,,8,,,GACGGATT,,GTACTGAC,,
GM_73,,8,,,GCAACATT,,GTACTGAC,,
GM_74,,8,,,GGTCGTGT,,GTACTGAC,,
GM_75,,8,,,GAATCTGT,,GTACTGAC,,
GM_76,,8,,,GTACATCT,,GTACTGAC,,
GM_77,,8,,,GAGGTGCT,,GTACTGAC,,
GM_78,,8,,,GCATGGCT,,GTACTGAC,,
GM_79,,8,,,GTTAGCCT,,GTACTGAC,,
GM_80,,8,,,GTCGCTAT,,GTACTGAC,,
GM_81,,8,,,GGAATGAT,,GTACTGAC,,
GM_82,,8,,,GAGCCAAT,,GTACTGAC,,
GM_83,,8,,,GCTCCTTG,,GTACTGAC,,
Sante_10G,,8,,,GTAAGGTG,,GTACTGAC,,
GM_85,,8,,,GAGGATGG,,GTACTGAC,,
GM_86,,8,,,GTTGTCGG,,GTACTGAC,,
GM_87,,8,,,GGATTAGG,,GTACTGAC,,
GM_88,,8,,,GATAGAGG,,GTACTGAC,,
GM_89,,8,,,GTGTGTCG,,GTACTGAC,,
GM_90,,8,,,GCAATCCG,,GTACTGAC,,
GM_91,,8,,,GACCTTAG,,GTACTGAC,,
GM_92,,8,,,GCCTGTTC,,GTACTGAC,,
GM_93,,8,,,GCACTGTC,,GTACTGAC,,
GM_94,,8,,,GCTAACTC,,GTACTGAC,,
GM_95,,8,,,GATTCATC,,GTACTGAC,,
GM_96,,8,,,GTCTTGGC,,GTACTGAC,,
VK7_dead_01,,10,,,ATCACGTT,,TATCCTCT,,
VK7_dead_02,,10,,,CGATGTTT,,TATCCTCT,,
VK7_dead_03,,10,,,TTAGGCAT,,TATCCTCT,,
VK7_dead_04,,10,,,TGACCACT,,TATCCTCT,,
VK7_dead_05,,10,,,ACAGTGGT,,TATCCTCT,,
VK7_dead_06,,10,,,GCCAATGT,,TATCCTCT,,
VK7_alive_01,,10,,,CAGATCTG,,TATCCTCT,,
VK7_alive_02,,10,,,ACTTGATG,,TATCCTCT,,
VK7_alive_03,,10,,,GATCAGCG,,TATCCTCT,,
VK7_alive_04,,10,,,TAGCTTGT,,TATCCTCT,,
VK7_alive_05,,10,,,GGCTACAG,,TATCCTCT,,
VK7_alive_06,,10,,,CTTGTACT,,TATCCTCT,,
VK7_dead_07,,10,,,TGGTTGTT,,TATCCTCT,,
VK7_dead_08,,10,,,TCTCGGTT,,TATCCTCT,,
VK7_dead_09,,10,,,TAAGCGTT,,TATCCTCT,,
VK7_dead_10,,10,,,TCCGTCTT,,TATCCTCT,,
VK7_dead_11,,10,,,TGTACCTT,,TATCCTCT,,
VK7_dead_12,,10,,,TTCTGTGT,,TATCCTCT,,
VK7_alive_07,,10,,,TCTGCTGT,,TATCCTCT,,
VK7_alive_08,,10,,,TTGGAGGT,,TATCCTCT,,
VK7_alive_09,,10,,,TCGAGCGT,,TATCCTCT,,
VK7_alive_10,,10,,,TGATACGT,,TATCCTCT,,
VK7_alive_11,,10,,,TGCATAGT,,TATCCTCT,,
VK7_alive_12,,10,,,TTGACTCT,,TATCCTCT,,
VK7_dead_13,,10,,,TGCGATCT,,TATCCTCT,,
VK7_dead_14,,10,,,TTCCTGCT,,TATCCTCT,,
VK7_dead_15,,10,,,TAGTGACT,,TATCCTCT,,
VK7_dead_16,,10,,,TACAGGAT,,TATCCTCT,,
VK7_dead_17,,10,,,TCCTCAAT,,TATCCTCT,,
VK7_dead_04_dil,,10,,,TGTGGTTG,,TATCCTCT,,
VK7_alive_13,,10,,,TAGTCTTG,,TATCCTCT,,
VK7_alive_14,,10,,,TTCCATTG,,TATCCTCT,,
VK7_alive_15,,10,,,TCGAAGTG,,TATCCTCT,,
VK7_alive_16,,10,,,TAACGCTG,,TATCCTCT,,
VK7_alive_17,,10,,,TTGGTATG,,TATCCTCT,,
VK7_alive_18,,10,,,TGAACTGG,,TATCCTCT,,
VK7_dead_18,,10,,,TACTTCGG,,TATCCTCT,,
VK7_dead_19,,10,,,TCTCACGG,,TATCCTCT,,
VK7_dead_20,,10,,,TCAGGAGG,,TATCCTCT,,
VK7_dead_21,,10,,,TAAGTTCG,,TATCCTCT,,
VK7_dead_22,,10,,,TCCAGTCG,,TATCCTCT,,
VK7_dead_10_dil,,10,,,TGTATGCG,,TATCCTCT,,
VK7_alive_19,,10,,,TCATTGAG,,TATCCTCT,,
VK7_alive_20,,10,,,TGGCTCAG,,TATCCTCT,,
VK7_alive_21,,10,,,TATGCCAG,,TATCCTCT,,
VK7_alive_22,,10,,,TCAGATTC,,TATCCTCT,,
VK7_alive_23,,10,,,TACTAGTC,,TATCCTCT,,
VK7_alive_24,,10,,,TTCAGCTC,,TATCCTCT,,
VK7_dead_23,,10,,,TGTCTATC,,TATCCTCT,,
VK7_dead_24,,10,,,TATGTGGC,,TATCCTCT,,
VK7_dead_25,,10,,,TTACTCGC,,TATCCTCT,,
VK7_dead_26,,10,,,TCGTTAGC,,TATCCTCT,,
VK7_dead_27,,10,,,TACCGAGC,,TATCCTCT,,
VK7_dead_16_dil,,10,,,TGTTCTCC,,TATCCTCT,,
VK7_alive_25,,10,,,TTCGCACC,,TATCCTCT,,
VK7_alive_26,,10,,,TTGCGTAC,,TATCCTCT,,
VK7_alive_27,,10,,,TCTACGAC,,TATCCTCT,,
VK7_alive_28,,10,,,TGACAGAC,,TATCCTCT,,
VK7_alive_29,,10,,,TAGAACAC,,TATCCTCT,,
VK7_alive_30,,10,,,TCATCCTA,,TATCCTCT,,
VK7_dead_28,,10,,,TGCTGATA,,TATCCTCT,,
VK7_dead_29,,10,,,TAGACGGA,,TATCCTCT,,
VK7_dead_30,,10,,,TGTGAAGA,,TATCCTCT,,
VK7_dead_31,,10,,,TCTCTTCA,,TATCCTCT,,
VK7_dead_32,,10,,,TTGTTCCA,,TATCCTCT,,
VK7_dead_22_dil,,10,,,TGAAGCCA,,TATCCTCT,,
VK7_alive_31,,10,,,TACCACCA,,TATCCTCT,,
VK7_alive_32,,10,,,TGCGTGAA,,TATCCTCT,,
VK7_alive_33,,10,,,GGTGAGTT,,TATCCTCT,,
VK7_alive_34,,10,,,GATCTCTT,,TATCCTCT,,
VK7_alive_35,,10,,,GTGTCCTT,,TATCCTCT,,
VK7_alive_36,,10,,,GACGGATT,,TATCCTCT,,
VK7_dead_33,,10,,,GCAACATT,,TATCCTCT,,
VK7_dead_34,,10,,,GGTCGTGT,,TATCCTCT,,
VK7_dead_35,,10,,,GAATCTGT,,TATCCTCT,,
VK7_dead_36,,10,,,GTACATCT,,TATCCTCT,,
VK7_dead_37,,10,,,GAGGTGCT,,TATCCTCT,,
VK7_dead_28_dil,,10,,,GCATGGCT,,TATCCTCT,,
VK7_alive_37,,10,,,GTTAGCCT,,TATCCTCT,,
VK7_alive_38,,10,,,GTCGCTAT,,TATCCTCT,,
VK7_alive_39,,10,,,GGAATGAT,,TATCCTCT,,
VK7_alive_40,,10,,,GAGCCAAT,,TATCCTCT,,
VK7_alive_41,,10,,,GCTCCTTG,,TATCCTCT,,
VK7_alive_42,,10,,,GTAAGGTG,,TATCCTCT,,
VK7_dead_38,,10,,,GAGGATGG,,TATCCTCT,,
VK7_dead_39,,10,,,GTTGTCGG,,TATCCTCT,,
VK7_dead_40,,10,,,GGATTAGG,,TATCCTCT,,
VK7_dead_41,,10,,,GATAGAGG,,TATCCTCT,,
VK7_dead_42,,10,,,GTGTGTCG,,TATCCTCT,,
VK7_dead_34_dil,,10,,,GCAATCCG,,TATCCTCT,,
VK7_alive_43,,10,,,GACCTTAG,,TATCCTCT,,
VK7_alive_44,,10,,,GCCTGTTC,,TATCCTCT,,
VK7_alive_45,,10,,,GCACTGTC,,TATCCTCT,,
VK7_alive_46,,10,,,GCTAACTC,,TATCCTCT,,
VK7_alive_47,,10,,,GATTCATC,,TATCCTCT,,
VK7_Negative,,10,,,GTCTTGGC,,TATCCTCT,,
Siaya_Delta_Dead_01,,12,,,ATCACGTT,,GTAAGGAG,,
Siaya_Delta_Dead_02,,12,,,CGATGTTT,,GTAAGGAG,,
Siaya_Delta_Dead_03,,12,,,TTAGGCAT,,GTAAGGAG,,
Siaya_Delta_Dead_04,,12,,,TGACCACT,,GTAAGGAG,,
Siaya_Delta_Dead_05,,12,,,ACAGTGGT,,GTAAGGAG,,
Siaya_Delta_Dead_06,,12,,,GCCAATGT,,GTAAGGAG,,
Siaya_Delta_Dead_07,,12,,,CAGATCTG,,GTAAGGAG,,
Siaya_Delta_Dead_08,,12,,,ACTTGATG,,GTAAGGAG,,
Siaya_Delta_Dead_09,,12,,,GATCAGCG,,GTAAGGAG,,
Siaya_Delta_Dead_10,,12,,,TAGCTTGT,,GTAAGGAG,,
Siaya_Delta_Dead_11,,12,,,GGCTACAG,,GTAAGGAG,,
Siaya_Delta_Dead_12,,12,,,CTTGTACT,,GTAAGGAG,,
Siaya_Delta_Dead_13,,12,,,TGGTTGTT,,GTAAGGAG,,
Siaya_Delta_Dead_14,,12,,,TCTCGGTT,,GTAAGGAG,,
Siaya_Delta_Dead_15,,12,,,TAAGCGTT,,GTAAGGAG,,
Siaya_Delta_Dead_16,,12,,,TCCGTCTT,,GTAAGGAG,,
Siaya_Delta_Dead_17,,12,,,TGTACCTT,,GTAAGGAG,,
Siaya_Delta_Dead_18,,12,,,TTCTGTGT,,GTAAGGAG,,
Siaya_Delta_Dead_19,,12,,,TCTGCTGT,,GTAAGGAG,,
Siaya_Delta_Dead_20,,12,,,TTGGAGGT,,GTAAGGAG,,
Siaya_Delta_Dead_21,,12,,,TCGAGCGT,,GTAAGGAG,,
Siaya_Delta_Dead_22,,12,,,TGATACGT,,GTAAGGAG,,
Siaya_Delta_Dead_23,,12,,,TGCATAGT,,GTAAGGAG,,
Siaya_Delta_Dead_24,,12,,,TTGACTCT,,GTAAGGAG,,
Siaya_Delta_Dead_25,,12,,,TGCGATCT,,GTAAGGAG,,
Siaya_Delta_Dead_26,,12,,,TTCCTGCT,,GTAAGGAG,,
Siaya_Delta_Dead_27,,12,,,TAGTGACT,,GTAAGGAG,,
Siaya_Delta_Dead_28,,12,,,TACAGGAT,,GTAAGGAG,,
Siaya_Delta_Dead_29,,12,,,TCCTCAAT,,GTAAGGAG,,
Siaya_Delta_Dead_30,,12,,,TGTGGTTG,,GTAAGGAG,,
Siaya_Delta_Dead_31,,12,,,TAGTCTTG,,GTAAGGAG,,
Siaya_Delta_Dead_32,,12,,,TTCCATTG,,GTAAGGAG,,
Siaya_Delta_Dead_33,,12,,,TCGAAGTG,,GTAAGGAG,,
Siaya_Delta_Dead_34,,12,,,TAACGCTG,,GTAAGGAG,,
Siaya_Delta_Dead_35,,12,,,TTGGTATG,,GTAAGGAG,,
Siaya_Delta_Dead_36,,12,,,TGAACTGG,,GTAAGGAG,,
Siaya_Delta_Dead_37,,12,,,TACTTCGG,,GTAAGGAG,,
Siaya_Delta_Dead_38,,12,,,TCTCACGG,,GTAAGGAG,,
Siaya_Delta_Dead_39,,12,,,TCAGGAGG,,GTAAGGAG,,
Siaya_Delta_Dead_40,,12,,,TAAGTTCG,,GTAAGGAG,,
Siaya_Delta_Dead_41,,12,,,TCCAGTCG,,GTAAGGAG,,
Siaya_Delta_Dead_42,,12,,,TGTATGCG,,GTAAGGAG,,
Siaya_Delta_Dead_43,,12,,,TCATTGAG,,GTAAGGAG,,
Siaya_Delta_Dead_44,,12,,,TGGCTCAG,,GTAAGGAG,,
Siaya_Delta_Dead_45,,12,,,TATGCCAG,,GTAAGGAG,,
Siaya_Delta_Dead_46,,12,,,TCAGATTC,,GTAAGGAG,,
Siaya_Delta_Dead_47,,12,,,TACTAGTC,,GTAAGGAG,,
Siaya_Delta_Dead_48,,12,,,TTCAGCTC,,GTAAGGAG,,
Siaya_Delta_Dead_49,,12,,,TGTCTATC,,GTAAGGAG,,
Siaya_Delta_Dead_50,,12,,,TATGTGGC,,GTAAGGAG,,
Siaya_Delta_Dead_51,,12,,,TTACTCGC,,GTAAGGAG,,
Siaya_Delta_Dead_52,,12,,,TCGTTAGC,,GTAAGGAG,,
Siaya_Delta_Dead_53,,12,,,TACCGAGC,,GTAAGGAG,,
Siaya_Delta_Dead_54,,12,,,TGTTCTCC,,GTAAGGAG,,
Siaya_Delta_Dead_55,,12,,,TTCGCACC,,GTAAGGAG,,
Siaya_Delta_Dead_56,,12,,,TTGCGTAC,,GTAAGGAG,,
Siaya_Delta_Dead_57,,12,,,TCTACGAC,,GTAAGGAG,,
Siaya_Delta_Dead_58,,12,,,TGACAGAC,,GTAAGGAG,,
Siaya_Delta_Dead_59,,12,,,TAGAACAC,,GTAAGGAG,,
Siaya_Delta_Dead_60,,12,,,TCATCCTA,,GTAAGGAG,,
Siaya_Delta_Dead_61,,12,,,TGCTGATA,,GTAAGGAG,,
Siaya_Delta_Dead_62,,12,,,TAGACGGA,,GTAAGGAG,,
Siaya_Delta_Dead_63,,12,,,TGTGAAGA,,GTAAGGAG,,
Siaya_Delta_Dead_64,,12,,,TCTCTTCA,,GTAAGGAG,,
Siaya_Delta_Dead_65,,12,,,TTGTTCCA,,GTAAGGAG,,
Siaya_Delta_Dead_66,,12,,,TGAAGCCA,,GTAAGGAG,,
Siaya_Delta_Dead_67,,12,,,TACCACCA,,GTAAGGAG,,
Siaya_Delta_Dead_68,,12,,,TGCGTGAA,,GTAAGGAG,,
Siaya_Delta_Dead_69,,12,,,GGTGAGTT,,GTAAGGAG,,
Siaya_Delta_Dead_70,,12,,,GATCTCTT,,GTAAGGAG,,
Siaya_Delta_Dead_71,,12,,,GTGTCCTT,,GTAAGGAG,,
Siaya_Delta_Dead_72,,12,,,GACGGATT,,GTAAGGAG,,
Siaya_Delta_Dead_73,,12,,,GCAACATT,,GTAAGGAG,,
Siaya_Delta_Dead_74,,12,,,GGTCGTGT,,GTAAGGAG,,
Siaya_Delta_Dead_75,,12,,,GAATCTGT,,GTAAGGAG,,
Siaya_Delta_Dead_76,,12,,,GTACATCT,,GTAAGGAG,,
Siaya_Delta_Dead_77,,12,,,GAGGTGCT,,GTAAGGAG,,
Siaya_Delta_Dead_78,,12,,,GCATGGCT,,GTAAGGAG,,
Siaya_Delta_Dead_79,,12,,,GTTAGCCT,,GTAAGGAG,,
Siaya_Delta_Dead_80,,12,,,GTCGCTAT,,GTAAGGAG,,
Siaya_Delta_Dead_81,,12,,,GGAATGAT,,GTAAGGAG,,
Siaya_Delta_Dead_82,,12,,,GAGCCAAT,,GTAAGGAG,,
Siaya_Delta_Dead_83,,12,,,GCTCCTTG,,GTAAGGAG,,
Siaya_Delta_Dead_84,,12,,,GTAAGGTG,,GTAAGGAG,,
Siaya_Delta_Dead_85,,12,,,GAGGATGG,,GTAAGGAG,,
Siaya_Delta_Dead_86,,12,,,GTTGTCGG,,GTAAGGAG,,
Siaya_Delta_Dead_87,,12,,,GGATTAGG,,GTAAGGAG,,
Siaya_Delta_Dead_88,,12,,,GATAGAGG,,GTAAGGAG,,
Siaya_Delta_Dead_89,,12,,,GTGTGTCG,,GTAAGGAG,,
Siaya_Delta_Dead_90,,12,,,GCAATCCG,,GTAAGGAG,,
Siaya_Delta_Dead_91,,12,,,GACCTTAG,,GTAAGGAG,,
Siaya_Delta_Dead_92,,12,,,GCCTGTTC,,GTAAGGAG,,
Siaya_Delta_Dead_93,,12,,,GCACTGTC,,GTAAGGAG,,
Siaya_Delta_Dead_94,,12,,,GCTAACTC,,GTAAGGAG,,
Siaya_Delta_Dead_95,,12,,,GATTCATC,,GTAAGGAG,,
Siaya_Delta_Dead_Negative,,12,,,GTCTTGGC,,GTAAGGAG,,
Calvin_01,,14,,,ATCACGTT,,AAGGCTAT,,
Calvin_02,,14,,,CGATGTTT,,AAGGCTAT,,
Calvin_03,,14,,,TTAGGCAT,,AAGGCTAT,,
Calvin_04,,14,,,TGACCACT,,AAGGCTAT,,
Calvin_05,,14,,,ACAGTGGT,,AAGGCTAT,,
Calvin_06,,14,,,GCCAATGT,,AAGGCTAT,,
Calvin_07,,14,,,CAGATCTG,,AAGGCTAT,,
Calvin_08,,14,,,ACTTGATG,,AAGGCTAT,,
Calvin_09,,14,,,GATCAGCG,,AAGGCTAT,,
Calvin_10,,14,,,TAGCTTGT,,AAGGCTAT,,
Calvin_11,,14,,,GGCTACAG,,AAGGCTAT,,
Calvin_12,,14,,,CTTGTACT,,AAGGCTAT,,
Calvin_13,,14,,,TGGTTGTT,,AAGGCTAT,,
Calvin_14,,14,,,TCTCGGTT,,AAGGCTAT,,
Calvin_15,,14,,,TAAGCGTT,,AAGGCTAT,,
Calvin_16,,14,,,TCCGTCTT,,AAGGCTAT,,
Calvin_17,,14,,,TGTACCTT,,AAGGCTAT,,
Calvin_18,,14,,,TTCTGTGT,,AAGGCTAT,,
Calvin_19,,14,,,TCTGCTGT,,AAGGCTAT,,
Calvin_20,,14,,,TTGGAGGT,,AAGGCTAT,,
Calvin_21,,14,,,TCGAGCGT,,AAGGCTAT,,
Calvin_22,,14,,,TGATACGT,,AAGGCTAT,,
Calvin_23,,14,,,TGCATAGT,,AAGGCTAT,,
Calvin_24,,14,,,TTGACTCT,,AAGGCTAT,,
Calvin_25,,14,,,TGCGATCT,,AAGGCTAT,,
Calvin_26,,14,,,TTCCTGCT,,AAGGCTAT,,
Calvin_27,,14,,,TAGTGACT,,AAGGCTAT,,
Calvin_28,,14,,,TACAGGAT,,AAGGCTAT,,
Calvin_29,,14,,,TCCTCAAT,,AAGGCTAT,,
Calvin_30,,14,,,TGTGGTTG,,AAGGCTAT,,
Calvin_31,,14,,,TAGTCTTG,,AAGGCTAT,,
Calvin_32,,14,,,TTCCATTG,,AAGGCTAT,,
Calvin_33,,14,,,TCGAAGTG,,AAGGCTAT,,
Calvin_34,,14,,,TAACGCTG,,AAGGCTAT,,
Calvin_35,,14,,,TTGGTATG,,AAGGCTAT,,
Calvin_36,,14,,,TGAACTGG,,AAGGCTAT,,
Calvin_37,,14,,,TACTTCGG,,AAGGCTAT,,
Calvin_38,,14,,,TCTCACGG,,AAGGCTAT,,
Calvin_39,,14,,,TCAGGAGG,,AAGGCTAT,,
Calvin_40,,14,,,TAAGTTCG,,AAGGCTAT,,
Calvin_41,,14,,,TCCAGTCG,,AAGGCTAT,,
Calvin_42,,14,,,TGTATGCG,,AAGGCTAT,,
Calvin_43,,14,,,TCATTGAG,,AAGGCTAT,,
Calvin_44,,14,,,TGGCTCAG,,AAGGCTAT,,
Calvin_45,,14,,,TATGCCAG,,AAGGCTAT,,
Calvin_46,,14,,,TCAGATTC,,AAGGCTAT,,
Calvin_47,,14,,,TACTAGTC,,AAGGCTAT,,
Calvin_48,,14,,,TTCAGCTC,,AAGGCTAT,,
Calvin_49,,14,,,TGTCTATC,,AAGGCTAT,,
Calvin_50,,14,,,TATGTGGC,,AAGGCTAT,,
Calvin_51,,14,,,TTACTCGC,,AAGGCTAT,,
Calvin_52,,14,,,TCGTTAGC,,AAGGCTAT,,
Calvin_53,,14,,,TACCGAGC,,AAGGCTAT,,
Calvin_54,,14,,,TGTTCTCC,,AAGGCTAT,,
Calvin_55,,14,,,TTCGCACC,,AAGGCTAT,,
Calvin_56,,14,,,TTGCGTAC,,AAGGCTAT,,
Calvin_57,,14,,,TCTACGAC,,AAGGCTAT,,
Calvin_58,,14,,,TGACAGAC,,AAGGCTAT,,
Calvin_59,,14,,,TAGAACAC,,AAGGCTAT,,
Calvin_60,,14,,,TCATCCTA,,AAGGCTAT,,
Calvin_61,,14,,,TGCTGATA,,AAGGCTAT,,
Calvin_62,,14,,,TAGACGGA,,AAGGCTAT,,
Calvin_63,,14,,,TGTGAAGA,,AAGGCTAT,,
Calvin_64,,14,,,TCTCTTCA,,AAGGCTAT,,
Calvin_65,,14,,,TTGTTCCA,,AAGGCTAT,,
Calvin_66,,14,,,TGAAGCCA,,AAGGCTAT,,
Calvin_67,,14,,,TACCACCA,,AAGGCTAT,,
Calvin_68,,14,,,TGCGTGAA,,AAGGCTAT,,
Calvin_69,,14,,,GGTGAGTT,,AAGGCTAT,,
Calvin_70,,14,,,GATCTCTT,,AAGGCTAT,,
Calvin_71,,14,,,GTGTCCTT,,AAGGCTAT,,
Calvin_72,,14,,,GACGGATT,,AAGGCTAT,,
Calvin_73,,14,,,GCAACATT,,AAGGCTAT,,
Calvin_74,,14,,,GGTCGTGT,,AAGGCTAT,,
Calvin_75,,14,,,GAATCTGT,,AAGGCTAT,,
Calvin_76,,14,,,GTACATCT,,AAGGCTAT,,
Calvin_77,,14,,,GAGGTGCT,,AAGGCTAT,,
Calvin_78,,14,,,GCATGGCT,,AAGGCTAT,,
Calvin_79,,14,,,GTTAGCCT,,AAGGCTAT,,
Calvin_80,,14,,,GTCGCTAT,,AAGGCTAT,,
Calvin_81,,14,,,GGAATGAT,,AAGGCTAT,,
Calvin_82,,14,,,GAGCCAAT,,AAGGCTAT,,
Calvin_83,,14,,,GCTCCTTG,,AAGGCTAT,,
Calvin_84,,14,,,GTAAGGTG,,AAGGCTAT,,
Calvin_85,,14,,,GAGGATGG,,AAGGCTAT,,
Calvin_86,,14,,,GTTGTCGG,,AAGGCTAT,,
Calvin_87,,14,,,GGATTAGG,,AAGGCTAT,,
Calvin_88,,14,,,GATAGAGG,,AAGGCTAT,,
Calvin_89,,14,,,GTGTGTCG,,AAGGCTAT,,
Calvin_90,,14,,,GCAATCCG,,AAGGCTAT,,
Calvin_91,,14,,,GACCTTAG,,AAGGCTAT,,
Calvin_92,,14,,,GCCTGTTC,,AAGGCTAT,,
Calvin_93,,14,,,GCACTGTC,,AAGGCTAT,,
Calvin_94,,14,,,GCTAACTC,,AAGGCTAT,,
Calvin_95,,14,,,GATTCATC,,AAGGCTAT,,
Calvin_Negative,,14,,,GTCTTGGC,,AAGGCTAT,,
Siaya_Delta_Alive_01,,15,,,ATCACGTT,,GAGCCTTA,,
Siaya_Delta_Alive_02,,15,,,CGATGTTT,,GAGCCTTA,,
Siaya_Delta_Alive_03,,15,,,TTAGGCAT,,GAGCCTTA,,
Siaya_Delta_Alive_04,,15,,,TGACCACT,,GAGCCTTA,,
Siaya_Delta_Alive_05,,15,,,ACAGTGGT,,GAGCCTTA,,
Siaya_Delta_Alive_06,,15,,,GCCAATGT,,GAGCCTTA,,
Siaya_Delta_Alive_07,,15,,,CAGATCTG,,GAGCCTTA,,
Siaya_Delta_Alive_08,,15,,,ACTTGATG,,GAGCCTTA,,
Siaya_Delta_Alive_09,,15,,,GATCAGCG,,GAGCCTTA,,
Siaya_Delta_Alive_10,,15,,,TAGCTTGT,,GAGCCTTA,,
Siaya_Delta_Alive_11,,15,,,GGCTACAG,,GAGCCTTA,,
Siaya_Delta_Alive_12,,15,,,CTTGTACT,,GAGCCTTA,,
Siaya_Delta_Alive_13,,15,,,TGGTTGTT,,GAGCCTTA,,
Siaya_Delta_Alive_14,,15,,,TCTCGGTT,,GAGCCTTA,,
Siaya_Delta_Alive_15,,15,,,TAAGCGTT,,GAGCCTTA,,
Siaya_Delta_Alive_16,,15,,,TCCGTCTT,,GAGCCTTA,,
Siaya_Delta_Alive_17,,15,,,TGTACCTT,,GAGCCTTA,,
Siaya_Delta_Alive_18,,15,,,TTCTGTGT,,GAGCCTTA,,
Siaya_Delta_Alive_19,,15,,,TCTGCTGT,,GAGCCTTA,,
Siaya_Delta_Alive_20,,15,,,TTGGAGGT,,GAGCCTTA,,
Siaya_Delta_Alive_21,,15,,,TCGAGCGT,,GAGCCTTA,,
Siaya_Delta_Alive_22,,15,,,TGATACGT,,GAGCCTTA,,
Siaya_Delta_Alive_23,,15,,,TGCATAGT,,GAGCCTTA,,
Siaya_Delta_Alive_24,,15,,,TTGACTCT,,GAGCCTTA,,
Siaya_Delta_Alive_25,,15,,,TGCGATCT,,GAGCCTTA,,
Siaya_Delta_Alive_26,,15,,,TTCCTGCT,,GAGCCTTA,,
Siaya_Delta_Alive_27,,15,,,TAGTGACT,,GAGCCTTA,,
Siaya_Delta_Alive_28,,15,,,TACAGGAT,,GAGCCTTA,,
Siaya_Delta_Alive_29,,15,,,TCCTCAAT,,GAGCCTTA,,
Siaya_Delta_Alive_30,,15,,,TGTGGTTG,,GAGCCTTA,,
Siaya_Delta_Alive_31,,15,,,TAGTCTTG,,GAGCCTTA,,
Siaya_Delta_Alive_32,,15,,,TTCCATTG,,GAGCCTTA,,
Siaya_Delta_Alive_33,,15,,,TCGAAGTG,,GAGCCTTA,,
Siaya_Delta_Alive_34,,15,,,TAACGCTG,,GAGCCTTA,,
Siaya_Delta_Alive_35,,15,,,TTGGTATG,,GAGCCTTA,,
Siaya_Delta_Alive_36,,15,,,TGAACTGG,,GAGCCTTA,,
Siaya_Delta_Alive_37,,15,,,TACTTCGG,,GAGCCTTA,,
Siaya_Delta_Alive_38,,15,,,TCTCACGG,,GAGCCTTA,,
Siaya_Delta_Alive_39,,15,,,TCAGGAGG,,GAGCCTTA,,
Siaya_Delta_Alive_40,,15,,,TAAGTTCG,,GAGCCTTA,,
Siaya_Delta_Alive_41,,15,,,TCCAGTCG,,GAGCCTTA,,
Siaya_Delta_Alive_42,,15,,,TGTATGCG,,GAGCCTTA,,
Siaya_Delta_Alive_43,,15,,,TCATTGAG,,GAGCCTTA,,
Siaya_Delta_Alive_44,,15,,,TGGCTCAG,,GAGCCTTA,,
Siaya_Delta_Alive_45,,15,,,TATGCCAG,,GAGCCTTA,,
Siaya_Delta_Alive_46,,15,,,TCAGATTC,,GAGCCTTA,,
Siaya_Delta_Alive_47,,15,,,TACTAGTC,,GAGCCTTA,,
Siaya_Delta_Alive_48,,15,,,TTCAGCTC,,GAGCCTTA,,
Siaya_Delta_Alive_49,,15,,,TGTCTATC,,GAGCCTTA,,
Siaya_Delta_Alive_50,,15,,,TATGTGGC,,GAGCCTTA,,
Siaya_Delta_Alive_51,,15,,,TTACTCGC,,GAGCCTTA,,
Siaya_Delta_Alive_52,,15,,,TCGTTAGC,,GAGCCTTA,,
Siaya_Delta_Alive_53,,15,,,TACCGAGC,,GAGCCTTA,,
Siaya_Delta_Alive_54,,15,,,TGTTCTCC,,GAGCCTTA,,
Siaya_Delta_Alive_55,,15,,,TTCGCACC,,GAGCCTTA,,
Siaya_Delta_Alive_56,,15,,,TTGCGTAC,,GAGCCTTA,,
Siaya_Delta_Alive_57,,15,,,TCTACGAC,,GAGCCTTA,,
Siaya_Delta_Alive_58,,15,,,TGACAGAC,,GAGCCTTA,,
Siaya_Delta_Alive_59,,15,,,TAGAACAC,,GAGCCTTA,,
Siaya_Delta_Alive_60,,15,,,TCATCCTA,,GAGCCTTA,,
Siaya_Delta_Alive_61,,15,,,TGCTGATA,,GAGCCTTA,,
Siaya_Delta_Alive_62,,15,,,TAGACGGA,,GAGCCTTA,,
Siaya_Delta_Alive_63,,15,,,TGTGAAGA,,GAGCCTTA,,
Siaya_Delta_Alive_64,,15,,,TCTCTTCA,,GAGCCTTA,,
Siaya_Delta_Alive_65,,15,,,TTGTTCCA,,GAGCCTTA,,
Siaya_Delta_Alive_66,,15,,,TGAAGCCA,,GAGCCTTA,,
Siaya_Delta_Alive_67,,15,,,TACCACCA,,GAGCCTTA,,
Siaya_Delta_Alive_68,,15,,,TGCGTGAA,,GAGCCTTA,,
Siaya_Delta_Alive_69,,15,,,GGTGAGTT,,GAGCCTTA,,
Siaya_Delta_Alive_70,,15,,,GATCTCTT,,GAGCCTTA,,
Siaya_Delta_Alive_71,,15,,,GTGTCCTT,,GAGCCTTA,,
Siaya_Delta_Alive_72,,15,,,GACGGATT,,GAGCCTTA,,
Siaya_Delta_Alive_73,,15,,,GCAACATT,,GAGCCTTA,,
Siaya_Delta_Alive_74,,15,,,GGTCGTGT,,GAGCCTTA,,
Siaya_Delta_Alive_75,,15,,,GAATCTGT,,GAGCCTTA,,
Siaya_Delta_Alive_76,,15,,,GTACATCT,,GAGCCTTA,,
Siaya_Delta_Alive_77,,15,,,GAGGTGCT,,GAGCCTTA,,
Siaya_Delta_Alive_78,,15,,,GCATGGCT,,GAGCCTTA,,
Siaya_Delta_Alive_79,,15,,,GTTAGCCT,,GAGCCTTA,,
Siaya_Delta_Alive_80,,15,,,GTCGCTAT,,GAGCCTTA,,
Siaya_Delta_Alive_81,,15,,,GGAATGAT,,GAGCCTTA,,
Siaya_Delta_Alive_82,,15,,,GAGCCAAT,,GAGCCTTA,,
Siaya_Delta_Alive_83,,15,,,GCTCCTTG,,GAGCCTTA,,
Siaya_Delta_Alive_84,,15,,,GTAAGGTG,,GAGCCTTA,,
Siaya_Delta_Alive_85,,15,,,GAGGATGG,,GAGCCTTA,,
Siaya_Delta_Alive_86,,15,,,GTTGTCGG,,GAGCCTTA,,
Siaya_Delta_Alive_87,,15,,,GGATTAGG,,GAGCCTTA,,
Siaya_Delta_Alive_88,,15,,,GATAGAGG,,GAGCCTTA,,
Siaya_Delta_Alive_89,,15,,,GTGTGTCG,,GAGCCTTA,,
Siaya_Delta_Alive_90,,15,,,GCAATCCG,,GAGCCTTA,,
Siaya_Delta_Alive_91,,15,,,GACCTTAG,,GAGCCTTA,,
Siaya_Delta_Alive_92,,15,,,GCCTGTTC,,GAGCCTTA,,
Siaya_Delta_Alive_93,,15,,,GCACTGTC,,GAGCCTTA,,
Siaya_Delta_Alive_94,,15,,,GCTAACTC,,GAGCCTTA,,
Siaya_Delta_Alive_95,,15,,,GATTCATC,,GAGCCTTA,,
Siaya_Delta_Alive_Negative,,15,,,GTCTTGGC,,GAGCCTTA,,
Siaya_Delta_Dead_96,,7,,,ATCACGTT,,CAGGACGT,,
Siaya_Delta_Dead_97,,7,,,CGATGTTT,,CAGGACGT,,
Siaya_Delta_Dead_98,,7,,,TTAGGCAT,,CAGGACGT,,
Siaya_Delta_Dead_99,,7,,,TGACCACT,,CAGGACGT,,
Siaya_Delta_Dead_100,,7,,,ACAGTGGT,,CAGGACGT,,
Siaya_Delta_Alive_96,,7,,,GCCAATGT,,CAGGACGT,,
Siaya_Delta_Alive_97,,7,,,CAGATCTG,,CAGGACGT,,
Siaya_Delta_Alive_98,,7,,,ACTTGATG,,CAGGACGT,,
Siaya_Delta_Alive_99,,7,,,GATCAGCG,,CAGGACGT,,
ML_01,,7,,,TAGCTTGT,,CAGGACGT,,
ML_02,,7,,,GGCTACAG,,CAGGACGT,,
ML_03,,7,,,CTTGTACT,,CAGGACGT,,
Siaya_Delta_Dead_101,,7,,,TGGTTGTT,,CAGGACGT,,
Siaya_Delta_Dead_102,,7,,,TCTCGGTT,,CAGGACGT,,
Siaya_Delta_Dead_103,,7,,,TAAGCGTT,,CAGGACGT,,
Siaya_Delta_Dead_104,,7,,,TCCGTCTT,,CAGGACGT,,
Siaya_Delta_Dead_105,,7,,,TGTACCTT,,CAGGACGT,,
Siaya_Delta_Alive_100,,7,,,TTCTGTGT,,CAGGACGT,,
Siaya_Delta_Alive_101,,7,,,TCTGCTGT,,CAGGACGT,,
Siaya_Delta_Alive_102,,7,,,TTGGAGGT,,CAGGACGT,,
Siaya_Delta_Alive_103,,7,,,TCGAGCGT,,CAGGACGT,,
ML_04,,7,,,TGATACGT,,CAGGACGT,,
ML_05,,7,,,TGCATAGT,,CAGGACGT,,
ML_06,,7,,,TTGACTCT,,CAGGACGT,,
Siaya_Delta_Dead_106,,7,,,TGCGATCT,,CAGGACGT,,
Siaya_Delta_Dead_107,,7,,,TTCCTGCT,,CAGGACGT,,
Siaya_Delta_Dead_108,,7,,,TAGTGACT,,CAGGACGT,,
Siaya_Delta_Dead_109,,7,,,TACAGGAT,,CAGGACGT,,
Siaya_Delta_Dead_110,,7,,,TCCTCAAT,,CAGGACGT,,
Siaya_Delta_Alive_104,,7,,,TGTGGTTG,,CAGGACGT,,
Siaya_Delta_Alive_105,,7,,,TAGTCTTG,,CAGGACGT,,
Siaya_Delta_Alive_106,,7,,,TTCCATTG,,CAGGACGT,,
Siaya_Delta_Alive_107,,7,,,TCGAAGTG,,CAGGACGT,,
ML_07,,7,,,TAACGCTG,,CAGGACGT,,
ML_08,,7,,,TTGGTATG,,CAGGACGT,,
random_arabiensis,,7,,,TGAACTGG,,CAGGACGT,,
Siaya_Delta_Dead_111,,7,,,TACTTCGG,,CAGGACGT,,
Siaya_Delta_Dead_112,,7,,,TCTCACGG,,CAGGACGT,,
Siaya_Delta_Dead_113,,7,,,TCAGGAGG,,CAGGACGT,,
Siaya_Delta_Dead_114,,7,,,TAAGTTCG,,CAGGACGT,,
Siaya_Delta_Dead_115,,7,,,TCCAGTCG,,CAGGACGT,,
Siaya_Delta_Alive_108,,7,,,TGTATGCG,,CAGGACGT,,
Siaya_Delta_Alive_109,,7,,,TCATTGAG,,CAGGACGT,,
Siaya_Delta_Alive_110,,7,,,TGGCTCAG,,CAGGACGT,,
Siaya_Delta_Alive_111,,7,,,TATGCCAG,,CAGGACGT,,
ML_09,,7,,,TCAGATTC,,CAGGACGT,,
ML_10,,7,,,TACTAGTC,,CAGGACGT,,
random_coluzzii,,7,,,TTCAGCTC,,CAGGACGT,,
Siaya_Delta_Dead_116,,7,,,TGTCTATC,,CAGGACGT,,
Siaya_Delta_Dead_117,,7,,,TATGTGGC,,CAGGACGT,,
Siaya_Delta_Dead_118,,7,,,TTACTCGC,,CAGGACGT,,
Siaya_Delta_Dead_119,,7,,,TCGTTAGC,,CAGGACGT,,
Siaya_Delta_Alive_112,,7,,,TACCGAGC,,CAGGACGT,,
Siaya_Delta_Alive_113,,7,,,TGTTCTCC,,CAGGACGT,,
Siaya_Delta_Alive_114,,7,,,TTCGCACC,,CAGGACGT,,
Siaya_Delta_Alive_115,,7,,,TTGCGTAC,,CAGGACGT,,
Siaya_Delta_Alive_116,,7,,,TCTACGAC,,CAGGACGT,,
ML_11,,7,,,TGACAGAC,,CAGGACGT,,
ML_12,,7,,,TAGAACAC,,CAGGACGT,,
random_funestus,,7,,,TCATCCTA,,CAGGACGT,,
Siaya_Delta_Dead_120,,7,,,TGCTGATA,,CAGGACGT,,
Siaya_Delta_Dead_121,,7,,,TAGACGGA,,CAGGACGT,,
Siaya_Delta_Dead_122,,7,,,TGTGAAGA,,CAGGACGT,,
Siaya_Delta_Dead_123,,7,,,TCTCTTCA,,CAGGACGT,,
Siaya_Delta_Alive_117,,7,,,TTGTTCCA,,CAGGACGT,,
Siaya_Delta_Alive_118,,7,,,TGAAGCCA,,CAGGACGT,,
Siaya_Delta_Alive_119,,7,,,TACCACCA,,CAGGACGT,,
Siaya_Delta_Alive_120,,7,,,TGCGTGAA,,CAGGACGT,,
Siaya_Delta_Alive_121,,7,,,GGTGAGTT,,CAGGACGT,,
ML_13,,7,,,GATCTCTT,,CAGGACGT,,
ML_14,,7,,,GTGTCCTT,,CAGGACGT,,
random_stephensi,,7,,,GACGGATT,,CAGGACGT,,
Siaya_Delta_Dead_124,,7,,,GCAACATT,,CAGGACGT,,
Siaya_Delta_Dead_125,,7,,,GGTCGTGT,,CAGGACGT,,
Siaya_Delta_Dead_126,,7,,,GAATCTGT,,CAGGACGT,,
Siaya_Delta_Dead_127,,7,,,GTACATCT,,CAGGACGT,,
Siaya_Delta_Alive_122,,7,,,GAGGTGCT,,CAGGACGT,,
Siaya_Delta_Alive_123,,7,,,GCATGGCT,,CAGGACGT,,
Siaya_Delta_Alive_124,,7,,,GTTAGCCT,,CAGGACGT,,
Siaya_Delta_Alive_125,,7,,,GTCGCTAT,,CAGGACGT,,
Siaya_Delta_Alive_126,,7,,,GGAATGAT,,CAGGACGT,,
ML_15,,7,,,GAGCCAAT,,CAGGACGT,,
ML_16,,7,,,GCTCCTTG,,CAGGACGT,,
random_stephensi2,,7,,,GTAAGGTG,,CAGGACGT,,
Siaya_Delta_Dead_128,,7,,,GAGGATGG,,CAGGACGT,,
Siaya_Delta_Dead_129,,7,,,GTTGTCGG,,CAGGACGT,,
Siaya_Delta_Dead_130,,7,,,GGATTAGG,,CAGGACGT,,
Siaya_Delta_Dead_131,,7,,,GATAGAGG,,CAGGACGT,,
Siaya_Delta_Alive_127,,7,,,GTGTGTCG,,CAGGACGT,,
Siaya_Delta_Alive_128,,7,,,GCAATCCG,,CAGGACGT,,
Siaya_Delta_Alive_129,,7,,,GACCTTAG,,CAGGACGT,,
Siaya_Delta_Alive_130,,7,,,GCCTGTTC,,CAGGACGT,,
Siaya_Delta_Alive_131,,7,,,GCACTGTC,,CAGGACGT,,
ML_17,,7,,,GCTAACTC,,CAGGACGT,,
ML_18,,7,,,GATTCATC,,CAGGACGT,,
mixedplate_negative,,7,,,GTCTTGGC,,CAGGACGT,,
